nombre,apellido,edad,ciudad_residencia,gender,dni,libreta
Drusi,Blazek,22,Aimin,Female,32278994,27912
Shanna,Rapo,50,Las Lajas,Female,29981440,19165
Jacques,O'Flaherty,24,Charlotte,Male,41104160,24277
Gauthier,Gurden,25,Oitui,Male,21071887,11081
Malynda,Blune,21,Krupka,Female,24678616,23370
Harrison,Mynett,39,Staraya Derevnya,Male,22516252,21063
Eliza,Sirey,34,Bundibugyo,Female,28462674,14415
Claudie,Danbye,26,Wairiang,Female,32857449,28535
Trey,Cheyne,38,Tsaghkadzor,Non-binary,26352242,11144
Ado,Dearden,26,Yangjiaping,Male,21397083,26765
Yale,Jay,30,Pajala,Male,37947383,23614
Gabie,Wilkes,50,Hollywood,Male,45021286,11225
Abdel,Ivanenkov,48,Torrão,Male,44034335,11121
Hamnet,Bachman,19,Tengqiao,Male,46991503,17176
Martelle,Basnett,31,Santa Catalina,Female,36308124,29885
Naoma,Loukes,22,Wuluhan,Female,21467397,20854
Betty,Willavize,22,Pingle,Genderfluid,45289366,11644
Magdaia,Rafe,43,Cahuac,Female,40157044,18841
Louisette,Nock,24,Mosta,Female,23326857,25655
Marleah,Gerasch,20,El Limon,Female,26524736,11375
Casar,Flagg,19,Lazaro Cardenas,Male,25952688,26405
Mikel,Mulford,44,Muang Long,Male,44705679,25278
Roderick,Osban,53,Maunuri,Male,37000028,13797
Maryanne,Denyakin,42,Bobrowice,Female,32410034,21341
Anderea,Proctor,37,Tenancingo,Female,44848684,14132
Anestassia,Teissier,26,Néa Smýrni,Female,21134351,16847
Gusty,Harflete,36,Bydgoszcz,Female,33988061,19225
Agnes,Boocock,46,Haiphong,Female,30885986,16905
Tabb,Habgood,33,Karlstad,Agender,31339632,21182
Zolly,Overall,37,Jaru,Male,26386196,26482
Henriette,Weatherhill,53,Nancaicun,Female,35722312,17859
Norbert,Pottage,30,Muruni,Male,31170611,20623
Nola,Beals,26,Nerk’in Getashen,Female,30145010,28203
Sol,Endle,45,Vukovar,Male,30291402,18119
Chrissie,Parmiter,34,Gunungbatu,Male,35492151,11819
Audrie,McTurk,21,Gaohe,Female,20875850,23374
Jolyn,Rabson,27,Ylitornio,Female,21579586,20583
Cal,McCrea,53,Nalinggou,Male,26799162,10529
Ludwig,Mitchelson,25,Delray Beach,Male,39508707,23746
Margot,Matt,39,Umbanyar,Female,42120315,25213
Trev,Naisbet,52,Tangnanzhen,Male,45344096,17376
Welch,Feehily,41,Dalai,Male,45221829,12916
Merwin,Urridge,30,Qimeng,Male,20823306,23026
Cirilo,Fasse,53,Bocos,Male,40886260,18955
Fidela,Roubottom,29,Maharagama,Female,45256206,26802
Rafi,Seatter,52,Tvøroyri,Male,24201937,20307
Skip,Quaif,44,Severoural’sk,Male,30122795,14209
Melisande,Franklyn,24,Koror Town,Non-binary,21016625,14952
Reba,Lawlings,49,Sarishābāri,Female,36976386,27464
Louella,Barus,21,Budziszewice,Female,21683944,28305
Martino,Drewett,52,Leganes,Male,37724823,26043
Nerte,Landre,26,Marisol,Female,43768122,16389
Dyann,Sigfrid,49,Plewiska,Agender,26697228,12905
Aldin,Doodson,52,Anávra,Male,28032122,25378
Jeromy,Rogerson,27,Temanjang,Male,43084188,23138
Jourdain,Lazell,21,Temizhbekskaya,Male,32815218,28302
Leonie,Stileman,50,Sypniewo,Agender,23210444,20159
Wyndham,Thorrington,20,Svetlogorsk,Male,39995343,10523
Sigmund,Lawless,26,Šmartno pri Litiji,Male,42980172,26271
Hestia,Melendez,50,Liangzeng,Genderqueer,45250286,12515
Aldric,Redhills,50,Ngchesar Hamlet,Male,39005147,15182
Zachary,Edwards,36,Nashtā Rūd,Male,39716570,16783
Everett,Silvermann,28,Caohe,Male,44945873,29811
Elissa,Lucks,24,Puget-sur-Argens,Female,31956617,17987
Minetta,Bicker,22,Rameshki,Female,43392904,24843
Elyn,Hellmer,25,Santo Domingo,Bigender,36946833,25586
Wilbert,Amaya,22,San Miguel,Male,40308747,18828
Morissa,Ivankovic,35,Fagersta,Female,31743823,12268
Gene,Endean,26,Xieshui,Female,35150162,12879
Gerry,Eastmead,48,Dongchuan,Male,21712336,11644
Trumaine,Thatcher,36,Le Havre,Male,34902030,11622
Latrena,Thunder,41,Parengan,Female,28982704,11804
Perceval,Talby,48,Taoyuan,Male,44702649,28204
Luz,Woosnam,45,Tékane,Female,28059116,27832
Kelly,McGucken,27,Arrufó,Male,38562564,10598
Hillery,Hoys,42,Shreveport,Male,31616095,25981
Ericha,Shotbolt,36,Bozkow,Female,35113683,27179
Paulette,Godson,26,Tata,Female,34668766,20438
Rose,Bennallck,48,Bafang,Female,43712288,14859
Minor,Dikle,35,Nantes,Male,38827022,28151
Sybyl,Bontein,19,Motygino,Female,23639920,17530
Bellina,Inderwick,35,Wangsi,Female,46168804,25855
Sigismond,Coxhell,20,Panggunguni,Male,37608631,19704
Pearla,Symmers,48,Nangka,Female,45002251,21032
Turner,Clulow,32,Ehu,Male,20141643,23418
Hogan,Hartwell,46,Peña,Male,28776932,29183
Georgi,Navarro,49,Wonosobo,Male,40027163,20925
Gnni,Oliveti,42,Malinaw,Female,20354065,26816
Hermine,Swan,30,Machakos,Female,24017527,16435
Stacie,Kristoffersen,21,Nanjiao,Female,38522271,14691
Randi,Cowpe,29,Xing’an,Male,27122035,23437
Bengt,Aasaf,43,Kiruna,Male,41173976,11792
Ferne,Calles,22,Cairani,Female,35999879,14331
Franky,Dermott,34,Quinta da Queimada,Male,30056485,23985
Becky,Pounder,35,Vnanje Gorice,Female,34714099,21454
Paloma,Dressel,36,Huangbei,Female,27442841,10429
Dilan,Trevance,40,Donskoy,Male,32887775,24495
Olympie,Cully,44,Poroçan,Female,20031963,11344
Lorin,Latliff,47,Yifaquan,Male,43063005,21716
Uriah,Maving,45,Tohautu,Male,28566088,25160
Lezley,Forcade,53,Al Qaţn,Male,44895584,21459
Hulda,Lintot,49,Bukal,Female,40270878,23769
Deny,Trevear,54,Jatiprahu,Female,29621365,19547
Audra,Gatsby,24,Sanhe,Female,39617479,10024
Hashim,Malimoe,32,Sundumbili,Male,41599948,15204
Malvina,Bosquet,47,Bugko,Female,38343464,20617
Diann,Meachem,21,Guanbuqiao,Female,29744069,19292
Elmo,Crutch,37,Daqian,Male,41955926,27360
Herculie,Bremeyer,41,Udi,Male,39592018,15057
Rubia,MacParlan,32,Kaliro,Female,42203470,13393
Mommy,Worsnap,22,Ban Thai Tan,Female,33678693,16524
Shirleen,Arman,46,Quatá,Female,41296543,12924
Regen,Antowski,19,Haoraoshan,Male,35683053,15062
Jose,Leist,48,Guoyuan,Male,26164222,23378
Inessa,Bendan,32,Nageswari,Female,24672965,24346
Fabien,Chavez,39,Suchen,Male,32384763,24128
Gussi,Sangra,50,Pánormos,Female,35740160,27186
Dniren,Sey,19,Nässjö,Female,40969526,10345
Carney,L'Episcopio,40,Suvorovo,Male,44717475,20207
Domini,Ettery,23,Helsingborg,Female,32131368,22182
Darb,Gibbieson,21,Zagnitkiv,Female,39837685,16329
Brander,Measor,41,Cariamanga,Male,32906855,10855
Michal,Tollit,39,Walton,Male,36500400,27877
Kenn,Conrath,22,Bulusari,Male,23495230,26056
Rosmunda,Meryett,29,Shajia’ao,Female,41067341,14612
Ki,Anglin,33,Baturaja,Female,39272484,24670
Curr,Illston,47,Chernigovka,Male,33631206,29543
Bartie,Collingdon,23,Šentvid pri Stični,Male,40879402,22480
Joshia,Simkovich,55,Novo Horizonte,Male,44709989,15081
Emmott,Gaggen,47,Quebradas,Male,42505526,15844
Katey,Layland,26,Jiepai,Female,32816392,25412
Zackariah,Wetherby,49,Radoboj,Male,24432884,20135
Deloria,Kepe,22,At-Bashi,Female,29308831,25056
Giordano,Szanto,30,Taraš,Male,24975673,15830
Ophelie,Dahlback,19,Shuanglong,Female,41874007,10252
Alfredo,Kauffman,39,Grand-Bassam,Male,26580648,28306
Thomas,Reitenbach,22,Nayoro,Male,45418097,23698
Lauree,Beswell,34,Koungheul,Agender,38250035,10224
Jule,Reynoldson,33,Châlons-en-Champagne,Male,44253635,22886
Hube,Catterson,30,Aurillac,Male,42501073,12729
Gregory,Daleman,51,Dahay,Male,36280693,10067
Zsa zsa,Ding,55,Pregradnaya,Female,39787149,20950
Shelby,Glewe,25,Argelia,Female,20658066,21625
Gaby,Ribbon,22,Nova Friburgo,Female,26067957,12950
Reilly,Monkeman,33,Baffa,Male,31827342,14658
Boycie,McAlindon,23,San Isidro,Male,32023766,20869
Inger,Ebunoluwa,51,Oslo,Male,29751109,14575
Jameson,Bradock,45,Campo Quijano,Male,21072499,25771
Shir,Jersch,30,Budapest,Female,28544045,15939
Michel,Derrett,39,Nanjie,Male,45341105,18422
Lion,McGrann,37,Shambu,Male,27840041,23269
Anders,Blasl,21,Komono,Male,36958094,18338
Odelia,Nolin,35,Yong’an,Female,25508318,21713
Pearla,Annott,55,Turus,Female,31536337,23591
Netty,Ranaghan,40,Nashville,Female,38740742,17476
Danyette,Freiburger,21,La Goulette,Female,37036027,13825
Garik,Dewsnap,36,Palhais,Male,39181574,27092
Danielle,Pignon,29,Saskylakh,Polygender,31606602,15919
Sheffield,Suggate,52,Kirtipur,Male,26045426,13561
Walton,Drever,50,Aqqan,Male,23990448,28030
Siana,Fidler,35,Beishan,Non-binary,22898921,26285
Gwenette,Marshal,19,Lafiagi,Female,22571038,12094
Elane,Peasegood,25,Mokolo,Female,43622079,17669
Bertrand,Jzak,36,Quinipot,Male,32694051,10398
Cher,Maciunas,42,Changping,Female,27069833,27867
Sarina,Roggeman,51,Manevychi,Female,35856466,16902
Terrill,Lamplugh,42,Shaami-Yurt,Male,20077465,27255
Horton,Prime,51,Cienfuegos,Male,24322298,11137
Jamey,Callow,43,Třebíč,Male,38792315,18822
Cal,Francino,37,Xinpu,Male,34875905,24553
Vite,McCooke,54,Kanggye-si,Male,38027674,20847
Loutitia,Clell,41,Yantai,Female,22216174,14721
Horatius,Arnault,55,Hartola,Male,23553805,27126
Herbert,Congrave,42,Karanyowka,Male,40348145,11503
Weidar,Necolds,31,Xinjiezi,Male,40300449,29002
Cinda,Wapple,32,T’aebaek,Female,21510380,28206
Ambrosius,Briance,41,Thị Trấn Tam Sơn,Male,24803977,20943
Anett,Dolley,50,Nezamyslice,Female,26174131,25963
Joan,Suggett,46,Yinkeng,Female,46677446,23148
Blakelee,Poletto,45,Pöytyä,Female,24337188,10376
Teddy,Brotherhed,51,Na Kae,Male,20410344,22452
Sandy,Arndt,54,Tombatu,Female,32429544,12791
Reggy,Rosewell,24,Polloc,Male,35112291,14637
Jo,Wrenn,43,Kawage,Female,40848557,23707
Paton,Cusworth,31,Soure,Male,25900218,29929
Thurstan,Boakes,20,Cidima,Male,33258129,14471
Candi,Sandercroft,34,At Tāj,Female,46738421,15851
Ashlin,Bennie,26,Yablochnyy,Male,25333226,23126
Carlin,Eadon,55,Varberg,Male,41449095,13631
Agnesse,Govett,54,Netanya,Female,39494125,24085
Leo,Seczyk,22,Turangi,Male,45176317,29982
Roger,Wey,30,Brody,Male,45422029,13284
Ivor,Sturney,40,Shilong,Bigender,34221419,24756
Harbert,Raitt,44,Luocheng,Male,38881113,23903
Tandy,Villalta,38,Zhendu,Female,26803396,18072
Dulce,McGinnell,49,Shihui,Female,36234786,20863
Shana,Calken,32,Colonia Catuete,Female,38430117,12982
Sholom,McCree,21,El Paso,Male,21481417,25248
Wendye,Newbegin,30,Foso,Female,38948935,16654
Maxi,Dolden,53,Ogōri-shimogō,Female,23703549,21204
Thorpe,Carl,26,Lacdayan,Male,37111440,17063
Murielle,Hinkens,28,Břasy,Female,40370631,21308
Irina,De Clairmont,47,Yŏng-dong,Female,43002863,27360
Louie,Grundon,23,Kochani,Male,33010695,29257
Flory,Scudder,20,Ceerigaabo,Female,34501326,13289
Bertie,Bourgour,24,Nevinnomyssk,Male,22366887,21523
Colman,Cotterel,23,Oton,Male,33434833,10631
Teresina,Herkess,45,Annan,Female,26094479,17203
Aeriel,Botterell,28,Stefanavíkion,Female,30108685,15681
Abbi,Shervil,54,Miguelópolis,Female,25905687,10083
Fredek,Albisser,33,Bogra,Male,30544441,24587
Adler,Garford,30,Kronoby,Male,43539267,23585
Ricard,Croshaw,27,Kil’mez’,Male,31690967,20124
Bartholemy,Hulcoop,19,Madrid,Male,28801222,10802
Nananne,Lovat,25,Wojaszówka,Female,46804373,15903
Coop,Baudinot,28,Pasatan,Male,32663393,14274
Silvano,Gilardone,25,Minas de Matahambre,Male,25025789,25688
Aharon,Roughley,34,Arasji,Male,27801531,10389
Alina,Cordier,32,Star’,Female,37013880,15106
Janeta,Leversha,46,Perico,Female,44109187,21570
Emmalee,Looks,32,Sollebrunn,Female,29378223,22452
Wolf,De Malchar,20,Srokowo,Male,37095391,14543
Cash,Norquoy,25,Kan,Male,44186212,23069
Ravid,Crocken,35,Dūrā al Qar‘,Male,24498368,13873
Phil,Balk,25,San Carlos,Female,26891575,17697
Rafe,Heare,32,Lincheng,Male,43640603,16513
Annadiane,Jensen,40,Cibenda,Female,30306370,16256
Anselma,Roches,24,Kalinovo,Female,33375337,10049
Blondy,Jeannequin,42,Muyinga,Female,21108680,27776
Bobbie,Seldner,33,Nama,Female,28383890,14861
Gaby,Beardsley,22,Starcevica,Male,23609327,23998
Dyane,Eirwin,34,Xi’an,Female,26964166,19782
Carly,Arrol,30,Hüremt,Male,46361099,24283
Justinian,Stokell,45,Erátyra,Male,45484535,10572
Evelyn,Yendle,55,Nuevo Amanecer,Female,24406550,20295
Ransom,Haddick,44,Los Angeles,Male,27815171,17912
Renard,Duinbleton,47,Três Pontas,Male,32372075,20050
Rebekah,MacCaughen,37,Stockholm,Female,22499481,10257
Aguistin,Penrose,53,Storvik,Male,34209169,26942
Gerda,Ferrey,31,El Copey,Female,43917741,29918
Ronny,Brickstock,23,Mudian,Male,25078491,18695
Angil,Ortmann,51,La Cruz,Female,41421606,14978
Thorny,Ramos,21,Laohekou,Male,41867138,22364
Hervey,Bailess,45,Bodø,Male,38478203,15371
Evelina,Upton,32,Kosti,Female,23912581,20959
Katharina,Chomley,42,Longueuil,Genderqueer,30478149,10667
Ewart,Keywood,40,Poxi,Male,27936987,14852
Kiel,Werny,47,Alma,Male,25676675,27473
Stanleigh,Laurenty,54,Kapuskasing,Male,21077128,21831
Archy,Pilipyak,47,Birmingham,Male,44184834,10281
Emilia,Sabben,20,Nanlu,Female,37171100,28018
Ealasaid,Whitworth,25,Ekazhevo,Female,46779637,23913
Maribel,O'Lochan,42,Zengji,Female,40253547,15965
Lydia,Spaight,32,Puputan,Female,24935394,11160
Zara,Winslow,31,Gualeguaychú,Female,21937580,21512
Latisha,Brokenshire,20,West Palm Beach,Female,46687368,14696
L;urette,Colicot,54,Dunhua,Female,23617363,23001
Kendell,Shurville,45,Vendas de Galizes,Male,31387076,28868
Janet,Oleszkiewicz,23,Aucayacu,Female,46217442,16461
Bank,Vassay,34,Cikiray,Bigender,26388411,14032
Adelaida,Peirone,53,Ciawi,Female,43577582,27566
Nev,MacIver,22,Santa Cruz Balanyá,Male,24773538,23611
Luciana,Rowter,21,Pulau Pinang,Female,33389035,19497
Edyth,Hutcheon,25,Nginokrajan,Female,42964997,21532
Butch,Oven,51,Puqian,Male,21684393,29251
Alberik,Halfhyde,24,Shali,Male,37498055,23707
Mandel,Trotter,53,Aubenas,Male,25496294,22300
Carlina,Ferneyhough,50,Arkalyk,Female,39323300,22144
Pattie,Wrightem,40,Palma Soriano,Female,42789607,11525
Benedick,Asey,31,Durrës,Male,24096561,15213
Anthe,Giovani,22,Sang-e Māshah,Female,45886629,11536
Donnajean,Latchmore,31,Monte Caseros,Female,43553710,26897
Quentin,Wiggett,43,Yoshii,Female,44602519,15370
Buddy,Blacker,36,Guinticgan,Male,31492150,14285
Daphna,Tidmarsh,25,Juàzeirinho,Female,21625729,16834
Adi,Lilywhite,51,Hanyuan,Female,25314704,13829
Reuven,Wimpenny,49,Talshand,Male,27618542,20687
Byrom,Cusick,39,Siay,Genderfluid,31429358,18583
Xever,Casolla,44,Oslo,Polygender,25328768,15934
Craggie,Basilone,40,Ban Houayxay,Bigender,30539709,12348
Gallagher,Boshier,30,Flora,Non-binary,40570576,12333
Brandais,Mattheus,23,Pospelikha,Bigender,39930446,28690
Vickie,Sabine,27,Toledo,Female,29409789,24259
Lemmie,Bardsley,52,Satita,Male,41532396,18007
Cliff,Noquet,42,Barat,Male,40170469,18112
Grannie,Hansley,22,Mauren,Male,40511042,29784
Jacquie,Morcomb,46,Babice,Female,22569552,21851
Kaleb,Brand-Hardy,19,Bardīyah,Bigender,26919959,10768
Vonnie,Firminger,31,Gulod,Female,33010036,16142
Joannes,Dyster,54,Wuluhan,Female,24803278,10774
Ranice,Burton,36,Gayabaru,Female,38930027,18628
Alley,Fairs,34,Cincinnati,Male,33780663,13133
Adel,Tremolieres,44,Tangqian,Bigender,29311947,25010
Balduin,Lody,51,Laibin,Male,42604783,12812
Bren,Teenan,38,Kävlinge,Female,45448038,15200
Alvan,Doiley,36,San Carlos de Bolívar,Genderqueer,37347039,13341
Benita,Arnaud,22,Orlovo,Genderfluid,36887273,25391
Mirabella,Mathet,19,Suizhou,Female,21065508,22567
Ariela,Wedmore,33,Tierralta,Female,44462055,14249
Peter,Penni,19,Orimattila,Male,38098931,24808
Rutter,Caldairou,48,Vanderbijlpark,Male,43122522,17778
Katharyn,Albion,22,Uuemõisa,Female,40862635,13941
Ambrosio,Richmond,55,Zhangfang,Non-binary,41001959,16231
Alphonso,Copley,50,Bolderaja,Male,20674297,25461
Kahaleel,Domesday,26,Bombu,Male,21756128,16679
Deeann,Kilsby,42,Pontalina,Agender,33568613,10502
Hubey,Deighton,30,Qiman,Male,45401286,23759
Betsey,Chazier,32,Dīla,Female,27501963,17053
Johnathon,Gronauer,37,Tenja,Male,39415414,10502
Bartholomeus,Galiero,49,Mombaça,Male,23248568,28287
Everett,Crocetti,26,Monte-Carlo,Male,23469209,12463
Randee,Evennett,26,Nam Som,Female,38413194,21722
Nowell,Samwayes,43,Senggreng,Male,32682255,21833
Janith,Spores,47,Mama,Female,42081199,29230
Delcine,Spargo,41,Sukhinichi,Female,25370363,10092
Antonio,McGoon,39,Dongsheng,Male,36418070,11495
Mattie,Priddle,24,Dubti,Male,40486028,24315
Nappie,Canadas,38,Sijiu,Male,44882078,24789
Peta,Dunks,29,Xiashu,Genderfluid,45593688,22248
Chad,Peert,27,San Rafael,Male,36653537,14707
Conrado,McNaughton,40,Palmares,Male,25239682,12808
Babara,Grimmer,39,Isperikh,Female,42138206,29075
Holli,Longfoot,53,Abóboda,Female,38883077,13907
Tammara,Whiteside,54,Koshki,Female,22354571,14122
Nappie,Rough,38,Czarna Białostocka,Male,42072093,11797
Linell,Burbage,54,Séléa,Female,24627526,29226
Markos,Lipyeat,46,Baruta,Male,39782739,18552
Merl,Berling,19,Kolsko,Female,23400739,19926
Clayson,Stacey,40,Nelson,Male,34300328,15006
Tawnya,Axcell,25,Vorob’yovo,Female,27544032,16602
Sayre,Jemison,44,Mysiadło,Male,41808497,13273
Cinnamon,Wybrew,37,Vale de São Cosme,Polygender,36880815,14432
Milt,Dufaur,23,Pasirreungit,Agender,30977775,25031
Carver,Klausewitz,19,El Alto,Male,37209587,12487
Cornell,Chicchetto,32,Polen,Male,26391604,11248
Ringo,Havile,36,Yonago,Male,21408424,12299
Sharl,O' Driscoll,22,Ribas do Rio Pardo,Female,42190306,29010
Valentia,Bridgewater,24,Amsterdam Noord west,Female,29713154,20628
Igor,Bush,48,Ruda Śląska,Male,46418822,23876
Silvan,Berthelmot,21,Guaynabo,Male,45028144,19367
Abbe,Danelutti,36,Villa Santa Rosa,Female,45481573,27526
Melitta,Potten,50,San Francisco,Female,26579655,11949
Evaleen,Maskelyne,26,Ḩammām Wāşil,Female,40217573,14552
Padget,Tuckie,40,Carepa,Male,40983945,22599
Anne,Cassells,34,Lyon,Agender,37646007,19997
Antoinette,Grumbridge,35,Wenheng,Female,42848739,10019
Rosana,Revel,43,Kunda,Female,25179793,16076
Aggy,Jimenez,54,Avignon,Bigender,23505460,29465
Sorcha,Howison,28,Xuedian,Female,25274239,20281
Orlando,MacNeachtain,51,Naran Bulag,Male,37952323,26238
Jae,Milkins,35,Buena Vista,Male,46875666,23237
Kiah,Hugonet,40,Mahekou,Female,37656080,10577
Cass,Plaistowe,41,Vel’sk,Male,43572475,10102
Lauren,Brandin,42,Wysoka,Male,21000075,28225
Diena,Keats,24,Parse,Female,41029132,28813
Maddie,Blessed,42,Qiaoyi,Female,21502317,25018
Tudor,Kisting,22,Tucson,Male,34112051,24530
Gunar,Gifkins,38,Arroyo Seco,Male,43476226,26428
Delmor,Chugg,39,Tiantang,Male,25511894,14273
Alberik,O'Quin,24,Jamundí,Agender,33359746,17438
Yardley,Norton,51,Sadar Bazar,Male,34482040,12939
Jozef,Kinvan,54,Karanganyar,Male,26548341,19043
Noland,Kingshott,39,Karamat,Male,42980591,25584
Baron,Roseman,22,Orly aérogare,Male,25799916,21315
Garek,Abelov,47,Arvika,Male,29104703,20499
Tedra,Hirth,32,Komorniki,Female,37133344,18644
Adams,Krimmer,27,Kaca,Male,21506550,11748
Bran,Lorkings,54,Santa Rita,Male,44441414,12271
Alberto,Rathborne,27,Shikeng,Male,42898507,24714
Jemie,Whitham,43,Huaihe,Female,40281455,12525
Harrie,Hutcheon,51,Gąsocin,Female,43367972,17100
Myrvyn,Eyton,23,Yangyuan,Male,20013586,24050
Claudian,Iacomini,21,Madette,Male,36215979,26444
Bradney,Sarl,24,Al Miftāḩ,Male,28800321,11697
Baldwin,Tadgell,26,Weepanapi,Male,44221777,17912
Chance,Trevorrow,23,Milove,Male,29366447,10719
Siusan,O'Sherrin,34,Bochum,Female,25452091,18185
Gertrude,Capey,40,Tinampo,Female,23364259,22476
Hugo,Noraway,42,Cilangla,Male,24049802,22298
Koralle,Bernade,42,Pubal,Female,25801581,29167
Valera,Bigadike,25,Esigodini,Female,34560568,12109
Wait,Garvin,25,‘Amrān,Male,41742145,16784
Myrah,Eickhoff,47,Suvorovo,Female,36295022,25156
Vivia,Jennrich,50,Lagyná,Female,31222771,24018
Fay,Stango,50,Iraquara,Genderqueer,28581244,23523
Garwood,Ragate,38,Iwakura,Male,21167557,10718
Gaynor,Sweetmore,51,Bledzew,Female,20825733,24933
Shea,Bartoszinski,34,Puerto de Nutrias,Female,24539268,13649
Jourdan,Blackaby,34,Karangasem,Female,34117947,26065
Davie,Bromidge,38,Fangli,Male,38890841,25876
Bone,Feldharker,48,Naebugis,Male,25434096,25126
Olive,Schuck,24,Kimakamak,Female,29286462,27866
Sindee,Tennewell,28,Sharga,Genderfluid,38160732,25870
Elna,Hupka,51,Voyutychi,Female,38068797,27280
Teodora,MacCarrick,34,Passos,Polygender,25140364,10428
Gael,Ciobotaro,22,Béré,Male,34301598,25920
Agretha,Philipeau,27,Olympia,Female,28363199,17068
Ferdinanda,Gerhartz,49,Venda,Female,40932622,19278
Seymour,Grassot,42,Buin,Male,27379352,17579
Burnard,Hubner,48,Bun Barat,Male,36211730,19277
Honoria,Clapp,25,Laon,Female,28912144,19668
Felecia,Scurrell,49,Fagersta,Polygender,42577102,16007
Hyatt,Froom,19,Sveg,Male,38686253,16034
Dorrie,Bestiman,48,Al Ma‘baţlī,Female,22162447,20044
Sherwood,Rowntree,30,Rāipur,Non-binary,22111068,23042
Debra,Morstatt,54,Porvoo,Female,46723230,18727
Darb,Pepis,21,Barice,Female,30074017,28235
Arthur,Critoph,37,Zoumi,Male,26118642,22271
Auroora,MacKenney,35,Baorixile,Female,30402606,20954
Dugald,Feely,23,Xinning,Male,38277971,10203
Alena,Bellie,41,Wuning,Female,39113126,21685
Everett,Darbey,28,Sacramento,Male,23008652,15417
Malchy,Lamborn,40,Nyandoma,Male,34960007,28989
Bettine,Tomei,52,Jingzhuang,Female,36274163,21882
Ardeen,O'Feeny,22,Minokamo,Female,29457079,21437
Zedekiah,Duell,41,Wysoka,Male,32177608,22466
Fredek,Geraldez,54,Ma’an,Male,41509351,25214
Hilliard,Tidd,34,Carpina,Male,32284958,10586
Halley,Toynbee,40,São José dos Pinhais,Female,29636711,27031
Fransisco,Belitz,32,Bárrio,Male,27507787,20303
Izaak,MacRury,24,Carson City,Male,40940946,16903
Glen,Cullerne,48,Tianhe,Female,33074017,12499
Derrick,Persence,37,Harrisburg,Male,42002338,24461
Tine,Turl,23,Crespo,Female,31086345,25416
Shermie,Fardo,45,Nizhnyaya Maktama,Male,42866164,11182
Stefanie,Jacquemy,49,Tlumačov,Female,30361743,13667
Humbert,Fullard,49,Ribeirão Pires,Genderfluid,22762119,25506
Stephi,Gareisr,22,Mishan,Female,27007248,19258
Sherwynd,Chene,29,Jardín América,Male,38161728,11948
Giselle,Bleas,52,Baroh,Female,29515413,18954
Veronique,Streak,33,Taksimo,Female,35139716,23130
Julianna,Jenno,49,Meilin,Female,43936279,17803
Aland,Ilewicz,25,Zhexiao,Male,31470384,25433
Perceval,O'Dennehy,28,Krajan Caluk,Male,38737529,28519
Barn,Josebury,29,Uherce Mineralne,Male,38503358,10549
Hy,Shippam,45,Gancheng,Male,41491106,26097
Ryun,Bogges,30,Waterloo,Male,38549752,21380
Taddeo,McGriffin,49,Boleszkowice,Male,46015959,14656
Frederick,Skarman,52,Satun,Male,22967857,17854
Christoph,Finnan,36,Kruty,Male,25341794,16730
Gard,Schwartz,51,Pajannangger,Male,35566424,25877
Mariellen,Lassell,47,Sapang Buho,Female,41143777,20423
Ravid,Drennan,53,Oulmes,Male,28502511,21270
Remington,Innett,33,Murmino,Male,20502863,14916
Siouxie,Dryden,30,Guandu,Female,27637722,11345
Noam,Freezer,21,Cadiz,Male,25742441,29254
Sabrina,Harries,30,Ciego de Ávila,Female,40951606,12604
Terence,MacKain,43,Wschowa,Male,45156274,21817
Elissa,Minchindon,45,Wrocław,Female,38826488,20561
Rafferty,Areles,30,Sieradza,Male,35295178,17588
Drucill,Whorton,29,Shidu,Female,41561678,20023
Cherilyn,Stothert,49,Chur,Female,43449414,10200
Liana,Guilloux,50,Jibiya,Female,21186060,23044
Rickey,Titmarsh,34,Khān Shaykhūn,Genderfluid,27395183,21944
Arne,Grushin,31,Panbang,Male,36497506,29348
Gabriello,Sunshine,46,Marsaxlokk,Male,25458070,23714
Tanner,Bellamy,53,Migues,Male,46566262,19291
Lynea,Hupe,35,Trollhättan,Female,22344771,27561
Andrej,MacVay,49,Buy,Male,23374514,16115
Dena,d' Elboux,43,Smiřice,Polygender,23810726,27016
Bennett,Matyukon,41,Pasatan,Male,28034571,25160
Cory,Summerson,41,Kauit,Male,35487286,25424
Darline,Duffer,34,Tournavista,Female,44528370,28118
Carmelina,McCormick,32,Montenegro,Female,39951443,26594
Rhys,Coronado,19,Panalingaan,Male,43320984,18749
Christopher,Penney,35,Caloue,Male,38402436,17761
Doy,Guilford,49,Heiheba,Male,45875418,12094
Keir,Kroch,37,Xiaocun,Male,30874394,28890
Joly,Bockmaster,21,Daugai,Female,21587025,12703
Nobie,Swallow,32,Chirongui,Male,21873761,20833
Gene,Martino,43,Gaocheng,Female,43851956,24241
Dode,Chitson,23,Heping,Female,21030938,25042
Sarajane,Brierley,19,Lapaz,Female,28008004,14826
Nonnah,Kiely,31,Oneop,Female,43415042,16872
Britni,O'Grady,29,Palmeira das Missões,Female,31260294,25692
Kellyann,Campsall,49,Riosucio,Polygender,44071531,13191
Carlee,Aulsford,36,Bulungu,Female,45310158,12971
Peder,Lewry,38,Lian’an,Male,44887547,10764
Ave,Stapels,19,Yangcun,Male,32003307,16959
Prescott,MacDonnell,27,Chadan,Male,36370193,20602
Ivor,Cullum,22,Nong Khai,Male,46925586,13652
Timmy,Kitchingman,47,Sawahan,Polygender,21531341,27054
Julissa,Walworche,38,Jiaobei,Female,29738020,21047
Earvin,Goodhew,53,Ravānsar,Male,30668841,13713
Findlay,Haizelden,51,Tiwi,Male,42448155,24841
Serene,Luckett,37,Sumberan,Female,24430475,27744
Alexei,Kanwell,52,Durham,Male,31030218,13252
Kermie,Caltun,34,Brniště,Genderfluid,46529002,12410
Deeanne,Daish,48,Shilu,Female,25493810,17764
Margaret,Ekless,21,Krrabë,Female,39413668,19534
Simona,Franchyonok,43,Xindai,Female,41685651,23817
Ryann,Ramplee,20,Malhou,Female,36253567,12624
Margarita,Casterou,33,Bender,Female,26844716,24298
Clim,Gillet,30,Lyon,Male,44300529,10607
Neville,Masserel,44,Stocksund,Polygender,27568877,17589
Leandra,Goulbourn,51,Lacolle,Female,22887922,19718
Patrizio,Mieville,25,Kímolos,Male,35217236,19164
Binky,Bernli,50,Nizhniy Ufaley,Male,27158925,11008
Laura,Kobpac,35,Logung,Female,22461858,27953
Johnnie,Levensky,26,Floridablanca,Male,39489253,12382
Cristabel,Peer,55,Colima,Female,27175603,20677
Justen,Matijevic,42,Ołpiny,Male,31793654,24700
Chen,Klainer,40,Sukatani,Male,24038025,24375
Aurora,Kenright,29,Barbudo,Female,38553986,18422
Tabitha,Southouse,41,Iława,Female,34569872,15329
Manny,Haack,44,Dupi,Male,24344949,14799
Jobie,McGarvey,51,Krajan Menggare,Bigender,30642778,17209
Magdalene,Giacobo,39,Xinglong,Female,22614850,11355
Juana,Gutteridge,49,Longsheng,Female,35919498,19702
Saunderson,Rought,51,San Juan Bautista,Male,21091061,28794
Krissy,Scahill,50,Tianfu,Female,27830130,21018
Shelagh,Currum,24,Shuhong,Female,27275032,19432
Dex,Lerven,44,Troitsk,Male,24522986,16022
Darrin,Chittleburgh,51,Leganes,Male,27470173,14875
Carce,Reims,54,Jönköping,Male,22154567,21219
Aharon,Thying,20,Klishkivtsi,Non-binary,21031088,18321
Matthaeus,Binder,42,Neẖalim,Male,36970529,28145
Gretchen,Chazelas,22,Phayakkhaphum Phisai,Female,40376114,25228
Adolph,Martini,20,Zavoronezhskoye,Male,28967385,11494
Vernor,Gimson,20,Kamenka,Male,28646035,28141
Andras,Kemell,41,Piterka,Male,44884780,27164
Gino,Morgan,51,Skhodnya,Male,46711163,21427
Tressa,Petkovic,26,Nantes,Female,28967293,27609
Beitris,Samett,49,Toulon,Polygender,29651688,26332
Riobard,Rumbold,29,Sélibabi,Male,23964759,29695
Nannie,Theuff,23,Angoulême,Female,42610697,21692
Thom,Tomlinson,26,Zoumaling,Male,44125160,16544
Gert,Dufton,19,Turgenevo,Female,40942436,28182
Arnold,Saphin,19,Derventa,Male,23295422,10014
Ricard,Burbridge,53,Hengdian,Male,40589051,10465
Lissi,Brinklow,23,Kamień Pomorski,Agender,33962628,26283
Jorie,Chuter,51,Myski,Female,31618962,18955
Euell,Elleyne,45,Manturovo,Male,45306532,14612
Neddy,Peterkin,24,Maebashi-shi,Male,21167003,29865
Ambrosius,Garling,23,Dvůr Králové nad Labem,Male,38102588,16033
Eda,MacMaster,29,Sidrolândia,Female,44425779,25111
Cristabel,Longfoot,48,Tarakaniv,Female,42092710,17153
Mag,Alexander,19,Fullerton,Female,29258217,14554
Eamon,Ninotti,51,Itacorubi,Male,44779006,13788
Son,Giotto,33,Massy,Male,21251451,10737
Stanleigh,Brabben,45,Xiaojin,Male,21057702,25146
Fin,Taft,47,Daszewice,Male,41651825,20722
Jillene,Geraghty,26,Vilhelmina,Genderfluid,26073164,25592
Vasilis,Newick,49,Fenghuo,Male,44506003,16472
Octavius,Wiley,20,East End,Male,28830771,15469
Blinnie,Boyland,26,João Monlevade,Female,27440768,24529
Anita,Barbie,38,Grębków,Female,40645759,20559
Eva,McBlain,30,Borisovka,Female,26082727,27404
Vere,Sherr,40,Huancapi,Female,44783422,27324
Fredrika,Tegler,36,Ben Arous,Female,31378811,28455
Michelle,Lowings,35,Butigui,Female,35026783,24370
Rodrick,Meale,55,Nenagh,Male,32729078,12264
Kym,Newling,37,Uničov,Female,25438739,12949
Adrea,Klug,50,Gaoyang,Female,41969055,28496
Idell,Styan,54,Shanhou,Female,39863416,24069
Davey,De Ferraris,38,Ambovombe,Male,22912584,23052
Rolland,Dasent,52,San Miguel,Male,26495704,11075
Nikolaos,Challace,36,Saidpur,Genderqueer,45865316,15565
Marybeth,Swadlen,19,Lapinjärvi,Female,33261631,24595
Rufe,Church,31,Orimattila,Genderfluid,25710663,25943
Darlene,Reeveley,29,Kalodu,Female,21351648,27577
Nedda,Skryne,37,Bełchatów,Female,38265861,25348
Adrianna,McCullen,19,Zhangcun,Female,44918873,27695
Roch,Willwood,35,Villa Mercedes,Female,21398885,13261
Piggy,Landy,40,Hantara,Male,34516017,16334
Rollo,Peaker,47,Fajões,Male,45162226,26082
Gracia,Dallosso,25,Kedungwungu,Female,45890148,15510
Chase,Trench,41,Villeneuve-d'Ascq,Male,23055859,11253
Rochella,Owbridge,46,Karbinci,Female,34684155,22328
Seamus,Langthorne,19,Phonphisai,Male,40982960,26919
Axel,Canadine,48,Richmond,Male,24576365,23256
Brenn,Dunkirk,19,Saint-Augustin,Female,32485312,11605
Sasha,Crinson,38,Serowe,Male,34370864,24519
Rosie,Ternent,40,Mlanggeng,Female,28939876,23202
Cristine,Paute,42,Berck,Female,37626533,19000
Lorrin,Putton,47,Fuliang,Female,39966353,12336
Alonzo,Peffer,43,Romny,Male,28221932,29851
Hershel,Dyble,54,Mugango,Male,24351111,17256
Laney,Thomas,50,Altan Emel,Female,46989703,17581
Rolando,Cradock,30,Golug,Male,26384124,25440
Lucienne,Quartermaine,21,Bicaj,Female,26018781,19784
Jarid,Dawidowicz,48,Dasha,Male,46572756,22527
Octavia,Le feaver,32,Wang Saphung,Female,30535255,23822
Wilhelm,Traher,44,Edosaki,Male,35584590,15280
Gnni,McSporrin,23,Daohe,Female,36889931,23337
Tadio,O'Cahsedy,37,Baita,Male,34412591,19210
Lonee,Klempke,36,Busilak,Female,43435870,29216
Staci,Clout,35,Mirontsi,Female,40111597,23212
Byron,Shearsby,42,Hegeng,Male,34756210,21901
Isaac,Doel,26,Kveda Chkhorots’q’u,Male,26855244,27601
Rafaela,Westmorland,32,Barrinha,Female,25741466,13973
Ardis,Lindroos,49,Sulūq,Female,39574225,19333
Talya,Chasney,19,Åkersberga,Female,43361546,19691
Lela,Lau,30,Banepa,Female,27056755,14342
Mikol,Kleinzweig,50,Joypur Hāt,Male,37036897,28680
Jeffie,Godsil,41,Zhougao,Male,42703094,15148
Karel,Gazzard,34,Sumberpitu,Male,45031735,22616
Ettore,Riddiford,29,Lewoeleng,Male,28748914,14289
Morgen,Althrop,55,Troyes,Female,31218370,26400
Abbey,Flacknell,47,Dipayal,Female,37771273,14171
Muire,Renoden,50,Kertapura,Female,26387347,27874
Berke,Ipwell,33,Mwense,Male,27453229,24351
Bartram,Lipyeat,40,Kālābāgh,Male,28309663,10638
Giovanni,Bolte,28,Bail,Male,32919314,22207
Corena,Dickman,49,Rizómilos,Female,33886866,27796
Ivar,Chettle,51,Dungkek Laok,Male,27064737,27539
Wallis,Dickerline,47,Buyunshan,Male,27989685,21038
Jeremy,Theseira,38,Mérignac,Male,22789293,12832
Natalina,Snape,49,Mato Cheirinhos,Female,37120678,16000
Matthias,Pitherick,30,Dzüünbulag,Male,41130552,21271
Jocko,Trenear,40,Luleå,Polygender,43065258,13477
Lin,Grieg,29,Wāling,Female,35794103,24202
Brittney,Sired,35,Cintawana,Female,35324096,18472
Charmian,Halgarth,32,Majiang,Genderfluid,39856548,19596
Rodie,Bernocchi,41,São Gonçalo do Amarante,Female,25496372,11632
Florinda,Cozens,28,Novosil’,Female,40257920,28470
Avictor,Wimpenny,37,Staryy Cherek,Male,29251608,20222
Wainwright,Gamble,26,Jincheng,Male,30385417,27191
Nye,Stallion,31,Alivéri,Male,35777509,26512
Hercules,Child,43,Narvacan,Male,32393888,12803
Konstanze,Garrand,39,Ishiki,Female,36823255,20535
Shepard,Long,22,Ilām,Genderfluid,40512716,10988
Corbett,Froggatt,28,Liboran,Male,36022669,29576
Griffin,Weatherburn,42,Darong,Male,36013894,12554
Barrett,Pairpoint,29,Fond du Sac,Male,46710882,25830
Tamera,Petett,28,Changjiang,Female,28151556,13623
Jilly,Fakeley,31,Limassol,Female,34081961,14012
Ara,Ginman,48,Vyshniy Volochëk,Male,43157585,24294
Elihu,Simkiss,32,Daixi,Male,42219520,15283
Lorelei,Devonport,28,Tulay,Female,42572003,19151
Kayla,Watmore,39,Dedenëvo,Female,26900859,23833
Tallie,Oulett,53,Santa Cruz del Norte,Male,43133380,19949
Skyler,Valentetti,44,Yangyuan,Male,45565133,21904
Nert,Adshed,23,Bile,Female,41148425,26260
Gib,Lorent,49,Wahawaha,Male,40207451,12456
Lian,Darnbrough,36,Radvanice,Female,32305499,29074
Susie,Rostern,55,Kurume,Female,32107309,20544
Kamilah,McGaugie,43,Papringan,Female,23464776,25271
Yulma,Marling,24,Brooklyn,Male,45531827,19530
Broddy,Chamberlayne,22,General Belgrano,Male,43353955,21380
Kelci,Bassick,25,Kuching,Female,23941482,13642
Sherwin,Radbourn,32,Baoquan,Male,35375824,29334
Kate,Sone,48,Dole,Female,20906830,26152
Al,Stitwell,49,Chastyye,Male,33847043,15595
Dilly,Petrichat,38,Itápolis,Male,27165242,20369
Vance,Radbourne,42,Xiashitai,Male,27645915,19274
Hatti,Coverdill,29,Mauponggo,Female,23183996,10791
Gabie,Birkmyr,20,Kahuripan,Female,30935224,14585
Ulises,Kleinerman,42,Sainte-Adèle,Male,30027107,11743
Carter,Horsell,52,Babakanjaya,Male,42173854,19073
Clementina,Dudmarsh,20,Tangban,Female,20100532,17508
Camille,Adamsen,50,San Ramón de la Nueva Orán,Female,22241758,21717
Armand,De Winton,23,Klina,Male,42263462,27937
Johnathon,Tidbald,33,Cáceres,Male,26171704,15342
Olia,Stanesby,19,Masis,Female,24008218,23220
Olia,Crowd,19,Pau,Female,46783681,29910
Etienne,Worvell,55,Káto Asítai,Male,24812441,26473
Junie,McEntee,54,Karmah an Nuzul,Female,22811472,23470
Rebecka,Curcher,46,Qingban,Female,41902477,10631
Lynea,Panting,37,Halinów,Female,41244057,10330
Pren,Klesl,39,Wysoka,Polygender,42598892,17593
Maximo,Lionel,52,Miras,Male,44708584,28893
Sallee,MacGrath,28,Wakaseko,Female,45444041,13929
Inglis,Gerholz,33,Lianhe,Male,25680553,18316
Emmy,Dorgon,55,Xuanhua,Female,43562624,22048
Ricca,Vallantine,27,Al Majd,Female,29825302,20968
Kacy,Hackworthy,55,Pervomayskoye,Female,35513335,13730
Ashlee,Danilishin,45,Hengbanqiao,Female,32844833,20666
Janifer,Lacaze,22,Kuala Terengganu,Female,38741982,25321
Felipe,Yurmanovev,39,Ciguha Tengah,Polygender,46474107,21525
Percival,Lamble,20,Zakupne,Male,45936237,14270
Irwin,Leabeater,54,Toužim,Male,26306157,16633
Robert,Iwanowicz,51,Dabaozi,Male,25170006,14853
Lari,Stollmeier,34,Pysznica,Female,30436216,15705
Joyan,De Luna,27,Lizhai,Female,33547823,22596
Hortense,Fusco,46,Pando,Female,37779376,22174
Leif,Trusslove,28,Lefengzhen,Bigender,46375200,16158
Camey,Burrow,27,Brodnica,Male,44543243,28194
Annabel,Maudsley,41,Saratov,Female,42978803,11357
Ursula,Danilin,47,Aībak,Female,43793199,12066
Lari,Petegree,21,Luzhai,Female,31754235,25188
Jena,Mitchell,48,Dowlatyār,Female,44610990,20174
Germain,Bakhrushkin,33,Cincinnati,Male,20890551,15935
Merv,Minchindon,42,Tbilisskaya,Polygender,25919146,22310
Ferrel,O'Dennehy,21,Chengbei,Male,38530363,21222
Smith,Dowdall,35,East End,Male,46341599,11119
Johan,Tarbett,45,Limbe,Male,25587194,28249
Lemuel,Caws,49,Jandir,Male,45453543,24909
Nelie,Penna,25,Baoshan,Female,21543079,29699
Nicol,Dickin,19,Pelabuhan Dagang,Genderfluid,36712545,11922
Agnesse,Garrison,24,Huaitu,Female,34665361,11166
Rebe,Genn,30,Bertoua,Female,28940078,15903
Robbyn,April,32,Tulle,Female,24709061,21598
Gay,Walkden,38,Lamas,Male,23337186,15221
Rena,Strooband,37,Grand Rapids,Female,39398064,19154
Filia,Gabbitas,45,Magepanda,Female,26526056,18298
Helsa,Dunbar,21,San Juan,Female,39733072,16540
Clea,Cakes,51,Gemena,Female,37641852,17641
Paquito,Troak,47,Trảng Bàng,Male,22891809,28870
Antonio,Chinn,48,Wilkołaz,Male,33175123,29909
Saw,Mote,33,Luksuhin,Male,20639441,11767
Jobina,Labrenz,41,Lokolande,Female,27593051,16759
Sibilla,Stacy,52,Kadugadung,Female,27141421,27912
Nicko,Harlin,19,Shishang,Male,41259251,10890
Arlen,Perl,21,Baihe,Male,20150757,22262
Katinka,Fay,51,Chingas,Female,24496958,20144
Lissy,MacPike,41,Trá Mhór,Female,46886953,18498
Chas,Keitch,48,San Juan Ixcoy,Male,38838757,17292
Laurena,Twycross,53,'s-Hertogenbosch,Female,21948330,11062
Lewie,Fairbairn,24,Richmond,Male,31813585,17473
Reuben,Hawson,29,Dongxi,Male,44901885,14420
Yevette,Schriren,41,Vishnyeva,Bigender,32846253,15686
Tony,Erricker,49,Privlaka,Female,21884708,20089
Sandy,Matussov,22,Mabuhay,Female,23505914,19662
Roseann,Forkan,55,Chum Phuang,Female,34592458,16128
Ally,Arnout,53,Tlogoagung,Female,22970638,28974
Erhart,Lewsie,22,Songhe,Male,27279145,12554
Tyrone,Leyburn,39,Aborlan,Male,45353583,28830
Marilyn,Sherebrooke,48,Ilaya,Female,39902876,11027
Abra,Alessandrini,44,Escuintla,Female,33832509,11745
Milli,Tomasino,35,Sundawenang,Female,38968359,18454
Terrence,Nother,34,Sŭngho 1-tong,Male,20138422,16858
Hurlee,Curado,31,Dowr-e Rabāţ,Male,46995666,18742
Baldwin,Travers,50,Swedru,Male,29160195,10434
Galvan,Strafen,33,Ḩātim,Male,36968399,28458
Gib,Fraulo,52,Toulouse,Male,23751711,14998
Bertrand,Chilles,51,Perelyub,Male,41240463,20027
Jamaal,Brayshay,37,Qvareli,Agender,35864927,22477
Elsi,Crocket,44,Jinggan,Female,31258588,10386
Ulrich,Goodright,44,Nong Phai,Male,24408488,13701
Jefferey,Dennes,49,Nikolinci,Male,38429336,13016
Babita,Antrag,43,Krajan Tekung,Female,44128325,16444
Bert,Sidebotton,35,Ujiie,Female,29542916,12427
Rozalie,Josefson,47,Čačak,Female,24344833,20512
Odele,Attenborough,25,Loudi,Female,29716009,29234
Prue,Lamputt,32,Paris 10,Female,26902793,10287
Terri,Chippendale,35,Dmitrov,Male,20983343,11276
Kelley,Woodford,24,Castres,Female,23450105,21942
Udale,Gunney,46,President Roxas,Male,38954650,21962
Chaddy,Batts,41,Barbacena,Male,21288298,12884
Kienan,Halliday,21,Fuyu,Polygender,21942593,13842
Ingunna,Dericot,27,Las Flores,Female,44223794,16621
Annmaria,Jone,42,Zwolle,Female,36478861,28904
Lorrie,Dorkin,47,Vsevolozhsk,Female,25427005,26905
Geoffry,Pickton,19,Fram,Male,45284747,14608
Grady,Deards,33,Gubeikou,Male,24238668,22375
Shoshana,Doncaster,39,Bashan,Female,40999177,24007
Cody,Vasquez,22,Marieville,Male,38890528,26005
Cacilia,Dobney,33,Jinsha,Female,20714794,16534
Dugald,Aberdeen,44,Monticello,Male,29492914,11516
Sawyer,Garm,42,Zhuxing Chaoxianzu,Male,23995205,18953
Giustino,Christy,26,Dindima,Male,23691947,11143
Khalil,Lowseley,42,Fundación,Male,35686193,16713
Carrie,Dorgan,54,Taoshan,Female,20836130,27796
Austen,Vause,36,Ngama,Male,34018125,14269
Hedi,Snodin,35,Tlogoagung,Female,46454037,24448
Milicent,Cramer,32,Gilin,Polygender,27297077,18260
Hugh,Dimanche,40,Turka,Male,22734236,25434
Florrie,Algie,24,Chřibská,Female,40453692,10528
Norbert,Wheatland,46,Dorotea,Male,41175060,15511
Lillis,Deighan,43,Weizheng,Female,36372321,20872
Loria,Galero,44,Qijiang,Female,22145593,13719
Dorelle,Corsham,29,Tsimlyansk,Polygender,38834027,21503
Alejoa,Rosthorn,27,San Fernando,Male,29983707,14610
Allyson,McPolin,39,Daultāla,Female,33520017,10636
Rheta,Biagini,55,Kambia,Female,38651966,27319
Rahel,Passmore,22,Qing’an,Non-binary,28844337,29502
Bent,Jurkowski,25,Leigao,Male,43440276,23979
Paxon,Thomel,42,Carlsbad,Male,40683207,25059
Stefanie,Westhead,54,Quinipot,Female,27898084,28376
Esteban,Tuffin,28,Tangxian,Male,26123637,10155
Adamo,Brobeck,45,Guachucal,Polygender,44775907,15455
Tonia,Hug,33,Ljubno ob Savinji,Female,31706789,29985
Denice,Hatfield,54,Targanice,Female,27103797,28385
Barnard,Mularkey,27,Houston,Male,45868227,29990
Mordecai,Matthewson,19,Pieńsk,Genderfluid,45897749,15766
Jerrold,Townend,35,Burtunay,Male,22626988,16361
Pamela,Lawerence,51,Qal‘ah-ye Shāhī,Genderqueer,22085562,11219
Mickie,Strand,38,Moss,Female,30282273,14661
Brade,Gollard,50,Trhové Sviny,Male,45537679,29412
Wenda,Gohier,26,Old Harbour Bay,Female,35989713,23818
Sella,Cluet,34,Bačka Palanka,Female,32465986,28071
Danielle,Scapens,44,Belos Ares,Female,36696566,29915
Barri,Giffon,39,Rijau,Male,32412787,20696
Axel,d' Elboux,54,Igreja,Male,38510577,20442
Silva,Aysh,29,Oleszyce,Female,20929698,14009
Dyane,Assur,50,Masjid,Female,44810584,25334
Elladine,Camillo,55,Mattawa,Female,34827498,29601
Reyna,Boshard,27,Tembladera,Female,27414790,15460
Raine,Sherrin,42,Lagos,Female,44160866,29621
Delainey,Straker,33,Mbanza-Ngungu,Male,30847851,27453
Mommy,Mallinder,52,Armenia,Female,42019897,12499
Mortie,Adanez,22,Văn Điển,Male,39917860,26885
Haywood,Yandell,27,Masaran,Male,33111014,16166
Robinett,Collop,20,Bāsawul,Female,43086606,12985
Robyn,Caffery,40,Luau,Female,46146232,20188
Carmine,Carwithim,33,Bangbayang,Male,22247111,24407
Derry,Althorp,37,Lingqian,Male,29619841,16575
Rhianna,Regina,47,Mělník,Female,44426983,22241
Dagny,Garrit,36,Smedjebacken,Male,24283947,28150
Jodee,Rate,30,Oranzherei,Female,45386453,16263
Simmonds,Mullins,19,Örebro,Male,32862081,18621
Corri,Coy,39,Melipilla,Female,44388754,22996
Godfrey,Loadman,35,Căuşeni,Male,37946964,16681
Ewen,Lumby,29,Youfang,Male,29152421,14433
Amil,Comiskey,30,San Francisco,Genderqueer,36420716,11156
Vinson,MacDonnell,48,Liuhu,Bigender,23956820,15060
Borg,Killbey,54,Riosucio,Male,28023990,19480
Debra,Matias,54,Masis,Female,46322608,28103
Natalya,Le Prevost,37,Sallanches,Genderfluid,41401474,20944
Cordy,Brideaux,53,Salto de Pirapora,Female,33787546,24437
Eadie,Phalp,29,Zvishavane,Non-binary,46008622,15375
Serena,Basire,29,Torrijos,Female,43598242,18623
Emmerich,Wraggs,20,Asemanis,Male,24110111,28310
Kitty,Leeson,46,Pawa,Female,23954017,25761
Mathew,Alliott,37,Kyzylzhar,Male,27734991,18633
Koenraad,Beloe,39,Cochrane,Male,44925396,15462
Sella,Maasz,44,La Habana Vieja,Female,45272592,16260
Vance,Starkie,53,La Falda,Male,31260672,11825
Clemmie,Claringbold,49,Zielonki,Male,40112334,29276
Gunther,Laterza,33,Fentange,Male,26577570,13840
Solly,MacKimmie,21,Balbagay,Male,27591909,17203
Madlen,Akester,38,Odintsovo,Female,27778128,28725
Ximenes,Yegorovnin,25,Bayan,Male,46703006,22905
Barn,Sausman,53,Vawkavysk,Male,25831494,21307
Winifred,Antos,28,Zhaogezhuang,Female,40078794,13430
Frankie,Sainter,54,Aurora,Male,28787092,12481
Crysta,Gouck,54,Beberibe,Female,34515860,17894
Franciska,Drysdale,30,Järfälla,Female,30313915,24233
Daveta,Carncross,30,Obo,Female,42355775,14070
Tate,Thirkettle,45,Charata,Female,32569629,25122
Raquel,Harriot,27,Yudai,Female,26933842,12143
Raffaello,O' Neligan,19,Ridder,Male,40264074,25520
Terza,MacNab,44,Krasae Sin,Female,25719144,23940
Carena,Pocklington,38,Jasionów,Female,24288642,27825
Byrann,Jandourek,24,Ciyun,Male,35590816,22729
Keely,Strutton,32,Oslo,Female,39758509,26681
Leontyne,Handley,47,Krajan Keboromo,Female,24129733,24886
Brade,Crispin,21,Koktal,Male,41996378,27602
Gradey,Bounde,45,Winnipeg,Male,23971756,18888
Ruperto,Verrillo,29,Karangkancana,Male,29672114,10630
Panchito,Holwell,25,Miaoshou,Male,25993150,15322
Geoff,Joice,21,Wilmington,Male,36333332,13415
Ellen,Hawkridge,32,Palpalá,Female,20710178,29698
Kristal,Wooler,31,Rawasan,Female,41446643,16380
Oliver,Lapthorne,26,Amaury,Male,36664303,26819
Kirstyn,Maffei,19,San Diego,Female,46696622,25677
Hadria,Scheffel,55,Oborniki Śląskie,Female,43718760,27165
Yorgos,Esome,30,Sanming,Male,23642775,28083
Farris,Clemmett,52,Pueblo Nuevo,Bigender,30281919,29373
Phylys,Taleworth,26,Bibai,Female,43007499,24889
Eustace,Criple,47,Malabago,Male,24484302,21290
Perceval,Nalder,35,Nanganga,Male,26261455,17242
Murdock,Stalman,35,Pôsto Fiscal Rolim de Moura,Male,34014880,23640
Meggi,Stellino,49,Punaauia,Female,33134826,19403
Care,Goare,26,Lahan Sai,Male,23584301,15121
Kerianne,Climer,20,Salawu,Female,29712102,10517
Chance,Jurs,26,Paso de Indios,Male,40466854,18533
Sephira,Yitzovitz,32,Filótion,Female,37426469,25944
Caryl,Padgham,40,Farsta,Female,39531208,15428
Nessi,Kernley,24,Qiankeng,Female,20431893,12068
Dasi,Gorick,32,Envigado,Female,27171346,10498
Dorita,McGarva,25,Kampala,Female,32657255,12204
Jed,Reedy,29,Verkhniy Dashkesan,Male,43222125,20650
Cecily,Posse,40,Jambeyan,Female,29428210,14248
Matilde,Gauford,22,Nancun,Female,41037374,18674
Hyatt,Cathel,46,Eskilstuna,Male,45332626,22502
Thorin,Covendon,45,Labrador,Male,42480806,24107
Kane,Hutley,44,Klichaw,Male,37613538,23060
Christopher,Phlipon,55,Songnan,Male,22971965,26045
Tim,Bamfield,54,Tapacocha,Male,43556305,14783
Heidie,Hunnybun,44,Binabaan,Female,32883620,24317
Janna,Ivie,36,Kanggye-si,Female,35416618,12433
Fraser,Taw,24,Iizuka,Male,43564855,20763
Aurie,Barwell,22,Huanxi,Female,43438084,21731
Karlik,MacGall,37,Spárti,Male,22613475,23261
Ajay,Birkby,39,Denver,Female,23790457,17688
Tyne,Wallwood,39,Támara,Female,38741139,12546
Alane,Clapshaw,41,Banjar Bau Kawan,Female,20614685,25489
Domini,Brandli,43,Stockholm,Female,22083701,14581
Johnna,Sandbrook,50,Krasnyy Oktyabr’,Female,38022314,28691
Olivette,Melsome,26,Siemiatycze,Female,31031128,18266
Charyl,Wickes,26,Gbadolite,Female,25105524,24823
Kimmie,Hinrichs,21,Alcabideche,Female,31536564,10043
Salomo,Northcote,40,Ubá,Male,20627012,21081
Harp,Springtorpe,32,Melaka,Male,37792721,19348
Yetta,Rase,30,Kayes,Female,22195226,24511
Catherine,Goldson,45,Nanjing,Female,30808092,29568
Putnam,Simeoli,45,Bungursari,Male,40520574,10616
Geordie,Duiguid,49,Gao’an,Male,20825272,23103
Crosby,Ferrarone,51,Bacnar,Male,26005492,29774
Bettina,Lambarton,21,Ushirombo,Female,27959867,12826
Fons,Trundle,29,Rimbo,Male,45228757,27848
Cort,Robers,53,Shen’ao,Male,38270355,22946
Abbe,Keneforde,25,Saposoa,Male,21441263,12509
Beatriz,Woodrow,35,Shah Alam,Female,20977369,13726
Ranique,Paskins,27,Kavýli,Female,26004398,22239
Philipa,Russell,33,Ţūbās,Genderqueer,41049841,22062
Grethel,Mattack,49,Yangjiaping,Female,34103866,18750
Hanson,Bottomore,25,Sollefteå,Male,27426523,20635
Gladys,Folini,42,Sukumo,Female,34522412,17693
Flora,Myrkus,52,Munggang,Female,23223202,21713
Halette,Dabs,43,Chengjiang,Female,25970286,14359
Tally,Tassell,39,Norton,Male,33193489,21212
Buck,Crilly,39,Kouvola,Male,26840531,20991
Rhodie,Dillinton,28,Morales,Female,32747963,17007
Jaynell,Brooks,42,Sevilla,Female,25988566,13925
Ingra,Sheach,39,Guingamp,Bigender,42794813,18391
Jared,Gribbins,39,Pakxé,Male,42849349,24268
Alon,Stiven,38,Staraya Stanitsa,Male,46286176,28286
Jayme,Wooller,37,Carcassonne,Female,20806333,25608
Pearle,Heintz,23,Casa Nova,Agender,32780491,19912
Magdalene,Currier,21,Songhe,Female,20945442,12609
Moshe,Mongenot,45,Shimen,Male,35548021,16002
Natividad,Spoole,26,Monguno,Female,41611970,12700
Salvador,Angrick,54,Chongqing,Male,27596374,18933
Mitchel,Esler,32,Orléans,Male,45298089,19985
Chaunce,Drysdall,42,Palmar de Varela,Male,40967384,18549
Moises,Thrower,41,Al Qiţena,Male,21642468,16501
Deana,Lenden,30,Itapetininga,Female,24799979,12154
Traci,Ruperto,49,Quận Sáu,Female,36331562,26954
Riva,Reilingen,31,Borås,Female,30002457,19933
Mona,Reis,22,Hanna,Female,31212105,27661
Porty,Iacopini,51,La Laja,Male,43526316,21292
Milty,Gooddie,48,La Unión,Male,22126231,17884
Vernen,Lampkin,54,Pasirjaya,Non-binary,42562296,16784
Levin,Gallegos,47,Aughrim,Male,46954595,25292
Perkin,Ogilvy,34,Baras,Male,38754757,26942
Bartholemy,Korf,53,Niechanowo,Male,44530222,28643
Pascal,Puxley,55,Mauloo,Polygender,45302131,12764
Stanislaw,Scotti,26,Iberia,Male,35894637,10925
Zach,Greatbanks,28,Minokamo,Male,44541929,17724
Orion,Ruilton,31,Cawayan,Male,38424438,24233
Marwin,Beare,26,Hekinan,Male,31176292,11260
Madonna,Trotman,19,San Celestio,Female,35151333,21558
Arny,Brandreth,53,Planaltina,Genderfluid,39004303,23979
Ringo,Birkhead,36,Tarub,Male,25639730,15529
Sigrid,Tortice,42,Skibbereen,Non-binary,24843329,14122
Lucius,Woodrough,30,Krajan Srigonco,Genderfluid,32963086,27937
Kevon,Hedditch,48,Dokolo,Male,38627549,28332
Octavius,Dawltrey,21,Talitsy,Male,21087016,13091
Coop,Tingly,47,Pryyutivka,Male,25332701,23907
Gusella,Lebarree,39,Ketang,Female,29136947,24172
Charita,MacCumeskey,47,Sungairaya,Female,27364907,21290
Sibylla,Whittuck,26,Ligang,Female,40196372,19842
Mair,Sterman,33,Campoalegre,Female,44250034,16395
Betty,Hagan,44,Horred,Female,24246169,18167
Maritsa,Philip,25,Kovači,Female,32423943,15286
Itch,Spawton,19,Bangkle,Male,43901896,15117
Franni,Barnhill,19,Puyuan,Genderfluid,22497836,14900
Nico,Pawellek,41,Kokologo,Male,29602832,18975
Christoffer,Hewins,50,Monte Plata,Male,33756855,28609
Michel,Long,40,Yongfa,Female,36556813,22940
Clotilda,M'Quharge,47,Santander,Female,37624368,29559
Shena,Rysdale,53,Kulonkali,Genderqueer,38598292,27419
Hazel,Briat,26,Batangtoru,Female,37690768,11200
Kippie,Joberne,48,Yangjiaping,Agender,22765479,16387
Willi,Schmuhl,26,Níkiti,Polygender,26971151,10349
Kym,Gerald,41,Bałtów,Female,34047860,18458
Ambur,Goodspeed,54,Registro,Female,33109592,15496
Lev,Dungey,27,Washington,Male,22004589,24799
Sutherland,Rudloff,27,Caocun,Male,41043232,18987
Tannie,Pendered,28,Paris 09,Male,33490780,16863
Dallis,Palia,27,Gonzalo,Male,39005906,25493
Pansy,Lemerle,31,Kaynardzha,Female,30986342,14964
Tori,Athey,35,Czarnocin,Female,31626601,16627
Jasen,Piletic,44,Kangar,Male,39513943,13125
Nissy,Collecott,48,Zhob,Female,33160135,16361
Alexandros,McEniry,34,Andovoranto,Male,22868881,20258
Merry,Cestard,33,Boulsa,Female,29743368,24737
Gabriello,Biers,46,Höviyn Am,Male,46609080,27681
Ronny,Barthrup,40,Pilar,Polygender,36738054,17970
Barrie,Clarson,28,Hornówek,Female,27647196,20744
Zsa zsa,Grinsdale,43,Kabin Buri,Female,24367129,14161
Meade,Dahle,44,Oslo,Male,35465507,11827
Brande,Hardwin,35,Dao’er,Non-binary,28725811,17603
Ingeberg,Pollard,37,Wuqishan,Female,29761528,25745
Elsbeth,Delyth,33,Nazca,Female,41828020,23345
Edin,Bogays,29,Yabuli,Female,32265532,28727
Emlynn,Flinn,21,Qa‘ţabah,Female,40707855,27737
Chester,Brydson,22,Mirocin,Male,22163702,19662
Jose,Casol,51,São Sebastião do Caí,Genderqueer,29941864,29480
Gabbie,Dyzart,40,Soisy-sous-Montmorency,Female,39162684,29193
Merrill,Jandac,40,Carnot,Male,34149839,11271
Ellswerth,Heningam,47,Solna,Male,46325814,25836
Chick,Hewson,48,Yanwo,Male,41577851,26056
Emile,Wallace,39,Luleå,Male,32137741,13369
Hymie,Shrimptone,44,Dunkerque,Male,30845840,25403
Christye,Ragate,54,Antrukan,Female,29254772,22444
Quintilla,Cearley,35,Pereiro,Female,44657902,29918
Marie,Kleinhandler,32,Mstsislaw,Female,42152055,17201
Geri,Dougliss,25,Thị Trấn Mù Cang Chải,Female,45158862,29291
Esta,Safell,29,Västervik,Female,36877949,25157
Annmarie,Coniam,36,Cabatang,Female,30742651,26261
Lucky,Kofax,32,Ciulu,Female,35741762,24342
Shannon,Grigolli,53,Ngembo,Male,37679386,12216
Lisle,Tupman,21,Šilheřovice,Male,20774561,18738
Mignonne,Leeves,29,Ponjen,Female,30446028,20560
Romeo,Oldis,30,Pyinmana,Male,22630407,12742
Belle,Dubock,20,Yashikera,Female,21530909,26229
